{
  "build_version": "{{user `build_name`}}-kube-v1.19.9",
  "pause_image": "projects.registry.vmware.com/tkg/pause:3.2",
  "containerd_sha256": "2c4152f33d623b3c8a4ad0be6b6c060576d57fbb3800beca89d5a3919ce57542",
  "containerd_url": "https://tkgfiletransfertwo.blob.core.windows.net/tkgcontainer/v1.19.9+vmware.2/containerd/v1.4.4+vmware.3/cri-containerd-v1.4.4+vmware.3.linux-amd64.tar",
  "containerd_version": "v1.4.4+vmware.3",
  "crictl_sha256": "",
  "crictl_url": "",
  "custom_role": "true",
  "custom_role_names": "/home/imagebuilder/tkg",
  "goss_vars_file": "",
  "goss_tests_dir": "/home/imagebuilder/goss",
  "kubernetes_series": "v1.19",
  "kubernetes_semver": "v1.19.9+vmware.2",
  "kubernetes_source_type": "http",
  "kubernetes_http_source": "https://tkgfiletransfertwo.blob.core.windows.net/tkgcontainer/v1.19.9+vmware.2/kubernetes",
  "kubernetes_container_registry": "projects.registry.vmware.com/tkg",
  "kubernetes_cni_semver": "v0.8.7+vmware.6",
  "kubernetes_cni_source_type": "http",
  "kubernetes_cni_http_source": "https://tkgfiletransfertwo.blob.core.windows.net/tkgcontainer/v1.19.9+vmware.2/cni",
  "kubernetes_cni_http_checksum": "",
  "kubernetes_load_additional_imgs": "true"
}